klaim_di_taniadapt,paper_ref,tanaman_di_paper,lokasi_di_paper,kesesuaian_tanaman_dan_lokasi,kutipan_asli_paper,status_verifikasi
LINK_03: STRONG on microclimate disease (Paper 3 & 5) & Ambang batas curah hujan/RH,"Paper 3 (Madasamy et al., 2020)","Kapas (Cotton, varietas SVPR 2)","Kovilpatti, Tamil Nadu, India (black-soil)",TIDAK SAMA (Kapas di India),"Forewarning system for pests and diseases in cotton (Thrips, Leafhopper, Spodoptera, Stem weevil, Bollworm, Root rot) using microclimate temperature, rainfall, and RH.",TRANSFER DARI TANAMAN LAIN & LOKASI LAIN
LINK_03: STRONG on microclimate disease (Paper 3 & 5) & Ulasan algoritma prediksi penyakit,"Paper 5 (Fenu & Malloci, 2021)","Multi-crop literature survey (Dominan: padi, gandum, kentang, apel, anggur)",Global / Systematic Review,"TIDAK SAMA (Review algoritma multi-tanaman, bukan studi empiris cabai)",Explorative study on algorithms predicting plant/crop diseases. Highlighting fungal diseases relation to temperature and leaf wetness duration.,TRANSFER DARI TANAMAN LAIN & LOKASI LAIN
Ambang batas pola hari hujan & curah hujan antraknosa (Paper 6),"Paper 6 (Nurhayati & Situmorang, 2020)","Karet (Hevea brasiliensis, klon RRIM 600)","PTP VII Bergen, Lampung, Indonesia",TIDAK SAMA (Karet di Lampung),Pengaruh pola hari hujan terhadap perkembangan penyakit gugur daun Corynespora pada tanaman karet.,TRANSFER DARI TANAMAN LAIN
LINK_03: Bukti statistik cuaca terhadap yield cabai di Indonesia belum cukup signifikan pada skala tahunan,"Paper 7 (Handhayani et al., 2026)","Kakao, kopi, kelapa sawit, cabai rawit (cayenne), padi","Indonesia (Kabupaten/Kota penghasil komoditas, 100 stasiun BMKG)",SESUAI UNTUK CABAI RAWIT DI INDONESIA,"Untuk cabai rawit, bukti statistik bahwa meteorologi memengaruhi hasil panen (yield) dinilai belum cukup dalam paper ini (data tahunan 2018–2024).",SESUAI (Secara eksplisit menyatakan bukti statistik cuaca -> yield cabai rawit belum cukup pada data tahunan)
Brief Padi: Kenaikan suhu ekstrim dan banjir menurunkan hasil padi di Jawa Barat (Paper 12),"Paper 12 (Hosokawa et al., 2023)",Padi (Rice - multi-rice cropping),"Asia Selatan & Asia Tenggara (6 negara: Bangladesh, Indonesia, Malaysia, Myanmar, Filipina, Thailand, grid 0.5°)",TRANSFER DARI LOKASI LAIN / REGIONAL ASIA (Bukan studi spesifik Jawa Barat),"Contrasting area and yield responses to extreme climate (CDD, CWD, R10mm, R95pTOT). Out-of-sample R yield = 0.994 di 6 negara via Elastic Net.","TRANSFER DARI LOKASI LAIN (Klaim R2 < 0.1 di Jawa Barat berasal dari regresi data DS03 lokal di repo, bukan dari teks Paper 12)"
Brief Padi: Dampak perubahan iklim terhadap produksi padi di Jawa Barat (Paper 15),"Paper 15 (Ansari et al., 2021)",Padi (Ciherang),"Gemawang, Girimarto, Kabupaten Wonogiri, JAWA TENGAH","TRANSFER DARI LOKASI LAIN (Wonogiri Jawa Tengah, bukan Jawa Barat)","Evaluating and adapting climate change impacts on rice production in Keduang Subwatershed, Wonogiri, Central Java using CropSyst model.",TRANSFER DARI LOKASI LAIN
Brief Jagung: Expected signal STRONG (Paper 13),"Paper 13 (Heino et al., 2023)","Gandum, jagung (maize), kedelai, padi","GLOBAL (20.000 political units, grid 0.5°)",TRANSFER DARI LOKASI LAIN (Kajian global lintang sedang/dunia),Compound hot and dry extremes during growing season reduce global crop yields. Kenaikan suhu 1 C menurunkan yield jagung ~7.5% secara global.,"TRANSFER DARI LOKASI LAIN (Kuat secara global, belum terbukti untuk tropis Jawa Barat)"
Brief Jagung: Expected signal STRONG (Paper 14),"Paper 14 (Hu et al., 2024)","Systematic Review multi-crop (jagung, gandum, kedelai, padi)","GLOBAL (50% studi di AS & Eropa, 10% China, 8% India)",TRANSFER DARI LOKASI LAIN (Didominasi iklim sedang),Review of empirical findings and statistical crop models. Dominasi literatur berada di wilayah iklim sedang.,TRANSFER DARI LOKASI LAIN
Brief Cabai: Jamur antraknosa (Colletotrichum) sensitif terhadap kelembaban jenuh,Paper di Repo (Paper 1 s.d. 15),Tidak ada paper tentang antraknosa cabai di repo,Tidak ada,TIDAK ADA DI PAPER,Tidak ditemukan penyebutan antraknosa atau Colletotrichum dalam 15 paper riset repo.,"PENGETAHUAN UMUM, BUKAN EVIDENCE REPO"
Brief Bawang Merah: Rentan genangan air & penyakit layu moler (Fusarium oxysporum),Paper di Repo (Paper 1 s.d. 15),Tidak ada paper tentang bawang merah di repo,Tidak ada,TIDAK ADA DI PAPER,Tidak ditemukan penyebutan bawang merah atau Fusarium cepae dalam 15 paper riset repo.,"PENGETAHUAN UMUM, BUKAN EVIDENCE REPO"
