display_label,exact_identifier,statistic_if_required,units_and_definition,supported_status,decision,rationale
Precipitation flux,precipitation_flux,24_hour_total,mm/day or kg m-2 s-1; Total precipitation amount accumulated over 24 hours,SUPPORTED,INCLUDED,"Essential primary agroclimatic variable for irrigation, waterlogging risk, and fungal disease forecasting."
2m temperature (24-hour mean),2m_temperature_24_hour_mean,24_hour_mean,K or °C; Mean 2-meter air temperature over 24 hours,SUPPORTED,INCLUDED,"Core thermal variable for thermal time (GDD), phenological development, and general crop growth."
2m temperature (24-hour maximum),2m_temperature_24_hour_maximum,24_hour_maximum,K or °C; Maximum 2-meter air temperature over 24 hours,SUPPORTED,INCLUDED,"Critical for extreme heat stress detection, pollen sterility, and maximum diurnal temperature range."
2m temperature (24-hour minimum),2m_temperature_24_hour_minimum,24_hour_minimum,K or °C; Minimum 2-meter air temperature over 24 hours,SUPPORTED,INCLUDED,"Critical for cold injury, night respiration, minimum diurnal range, and disease sporulation thresholds."
2m temperature (Day-time maximum),2m_temperature_day_time_maximum,day_time_maximum,K or °C; Maximum temperature during daylight hours,SUPPORTED,INCLUDED,Captures peak photosynthetic daytime thermal stress conditions.
2m temperature (Day-time mean),2m_temperature_day_time_mean,day_time_mean,K or °C; Mean temperature during daylight hours,SUPPORTED,INCLUDED,Captures daytime active metabolic temperature.
2m temperature (Night-time mean),2m_temperature_night_time_mean,night_time_mean,K or °C; Mean temperature during night hours,SUPPORTED,INCLUDED,"Key for dark respiration rate, carbon loss in rice and tropical crops."
2m temperature (Night-time minimum),2m_temperature_night_time_minimum,night_time_minimum,K or °C; Minimum temperature during night hours,SUPPORTED,INCLUDED,Key for overnight dew formation and nocturnal disease germination.
2m dewpoint temperature,2m_dewpoint_temperature_24_hour_mean,24_hour_mean,K or °C; Temperature to which air must be cooled to become saturated,SUPPORTED,INCLUDED,Essential proxy for absolute moisture content and leaf wetness duration.
Derived 2m relative humidity (maximum),derived_2m_relative_humidity_24_hour_maximum,24_hour_maximum,% (0-100); Daily maximum relative humidity derived from Tmin and dewpoint,SUPPORTED,INCLUDED,Core variable for nighttime/early morning fungal spore germination and disease risk.
Derived 2m relative humidity (minimum),derived_2m_relative_humidity_24_hour_minimum,24_hour_minimum,% (0-100); Daily minimum relative humidity derived from Tmax and dewpoint,SUPPORTED,INCLUDED,Key indicator of peak afternoon atmospheric drying and crop water stress.
2m relative humidity at 06:00,2m_relative_humidity_at_06_00,06_00_local,% (0-100); Relative humidity at 06:00 local solar time,SUPPORTED,INCLUDED,Provides diurnal cycle sampling at dawn for dew duration assessment.
2m relative humidity at 09:00,2m_relative_humidity_at_09_00,09_00_local,% (0-100); Relative humidity at 09:00 local solar time,SUPPORTED,INCLUDED,Provides diurnal morning transition sampling for field operations/spraying advisory.
2m relative humidity at 12:00,2m_relative_humidity_at_12_00,12_00_local,% (0-100); Relative humidity at 12:00 local solar time,SUPPORTED,INCLUDED,Provides midday humidity measurement around peak solar irradiance.
2m relative humidity at 15:00,2m_relative_humidity_at_15_00,15_00_local,% (0-100); Relative humidity at 15:00 local solar time,SUPPORTED,INCLUDED,Provides afternoon humidity measurement during maximum daily temperature window.
2m relative humidity at 18:00,2m_relative_humidity_at_18_00,18_00_local,% (0-100); Relative humidity at 18:00 local solar time,SUPPORTED,INCLUDED,Provides evening humidity measurement at the start of nighttime moisture accumulation.
Vapour pressure deficit at maximum temperature,vapour_pressure_deficit_at_maximum_temperature,at_tmax,hPa or kPa; Difference between saturation and actual vapour pressure at daily Tmax,SUPPORTED,INCLUDED,High-value biophysical stress metric directly governing stomatal closure and transpiration.
Vapour pressure (24-hour mean),vapour_pressure_24_hour_mean,24_hour_mean,hPa; Mean actual water vapour pressure in air over 24 hours,SUPPORTED,INCLUDED,Atmospheric moisture variable required for microclimatic energy balance.
Reference evapotranspiration (ET0),reference_evapotranspiration,24_hour_total,mm/day; FAO-56 Penman-Monteith reference evapotranspiration,SUPPORTED,INCLUDED,Foundational variable for crop water requirement calculation and irrigation scheduling.
Solar radiation flux,solar_radiation_flux,24_hour_total,J m-2 day-1 or W m-2; Downward surface solar radiation flux,SUPPORTED,INCLUDED,"Primary energy driver for crop photosynthesis, biomass accumulation, and ET0."
10m wind speed (24-hour mean),10m_wind_speed_24_hour_mean,24_hour_mean,m/s; Mean 10-meter horizontal wind speed,SUPPORTED,INCLUDED,"Influences canopy boundary layer resistance, spraying drift risk, and pathogen spore dispersal."
Cloud cover (24-hour mean),cloud_cover_24_hour_mean,24_hour_mean,fraction (0-1); Total cloud area fraction,SUPPORTED,INCLUDED,"Informs sunshine duration, diffused vs direct light, and microclimatic canopy dampening."
Precipitation duration fraction,precipitation_duration_fraction,24_hour_fraction,fraction (0-1); Proportion of 24h with precipitation >= 0.1 mm,SUPPORTED,INCLUDED,"Differentiates short convective cloudbursts from prolonged drizzling rain, key for disease spore wash vs germination."
Liquid precipitation duration fraction,liquid_precipitation_duration_fraction,24_hour_fraction,fraction (0-1); Proportion of 24h with liquid rainfall,SUPPORTED,INCLUDED,Specific liquid water duration for tropical canopies.
Solid precipitation duration fraction,solid_precipitation_duration_fraction,24_hour_fraction,fraction (0-1); Proportion of 24h with snow/ice precipitation,SUPPORTED,EXCLUDED,Snow/freezing precipitation is non-existent in low-altitude tropical West Java agriculture.
Snow thickness (24-hour mean),snow_thickness_24_hour_mean,24_hour_mean,m; Mean snow depth,SUPPORTED,EXCLUDED,Physical snow depth is zero throughout Indonesian low-latitude agricultural study domain.
Snow thickness LWE (24-hour mean),snow_thickness_lwe_24_hour_mean,24_hour_mean,m; Liquid water equivalent of snow depth,SUPPORTED,EXCLUDED,Snow water equivalent is zero throughout tropical Indonesian agroclimatic zones.
