dataset_id,group_id,variable_name,status,description
DS01,1_crop_context,crop_type_variety,absent,AgERA5 is crop-agnostic surface weather; no crop context included.
DS01,1_crop_context,growth_stage,absent,No phenological growth stage information.
DS01,2_agricultural_outcomes,yield_productivity,absent,Pure atmospheric/reanalysis dataset without crop outcome.
DS01,3_weather_agroclimate,precipitation_flux,present_measured,Daily 24h precipitation accumulation (mm/day).
DS01,3_weather_agroclimate,temperature_min_mean_max,present_measured,"Daily Tmin, Tmean, Tmax at 2m (Kelvin)."
DS01,3_weather_agroclimate,relative_humidity_diurnal_and_derived,present_derived,"RH at 06, 09, 12, 15, 18 solar hours and derived min/max."
DS01,3_weather_agroclimate,solar_radiation_flux,present_measured,Downward surface solar radiation flux (J m-2 day-1).
DS01,3_weather_agroclimate,vapour_pressure_deficit,present_derived,Vapour pressure deficit at maximum daily temperature (hPa).
DS01,3_weather_agroclimate,reference_evapotranspiration,present_derived,FAO-56 Penman-Monteith ET0 (mm/day).
DS01,3_weather_agroclimate,wind_speed_10m,present_measured,Daily 24h mean horizontal wind speed (m/s).
DS01,4_soil_water,soil_moisture,absent,Not provided in AgERA5 time-series indicators.
DS01,5_management,irrigation_fertilizer,absent,No farm management data.
DS01,6_biotic_field,pest_disease,absent,No pest/disease observations.
DS01,7_spatial_remote_sensing,coordinates_grid,present_measured,0.1 degree terrestrial grid latitude/longitude.
DS02,1_crop_context,crop_variety_season,present_measured,"Rice cropping systems recorded: Aus, Aman, Boro seasons."
DS02,2_agricultural_outcomes,rice_yield_productivity,present_measured,District-level rice yield in metric tons per hectare (MT/ha).
DS02,2_agricultural_outcomes,production_and_area,present_measured,Production (metric tons) and harvested area (hectares).
DS02,3_weather_agroclimate,growing_season_rainfall,present_derived,CHIRPS v3 satellite monthly rainfall aligned to crop season.
DS02,3_weather_agroclimate,growing_season_temperature,present_derived,"ERA5-Land Tmin, Tmean, Tmax monthly and seasonal anomalies."
DS02,4_soil_water,soil_moisture_anomaly,present_derived,ERA5-Land soil moisture anomalies across growing seasons.
DS02,5_management,irrigation_practices,described_in_literature_absent,Boro irrigated vs Aus/Aman rainfed discussed but not explicit field variables.
DS02,6_biotic_field,pest_disease,absent,No disease incidence or pest labels.
DS02,7_spatial_remote_sensing,district_administrative_units,present_measured,64 administrative districts of Bangladesh.
DS03,1_crop_context,crop_system,present_measured,Distinguishes Padi Sawah (wetland) and Padi Ladang (dryland).
DS03,2_agricultural_outcomes,rice_productivity,present_measured,Annual rice productivity in Kuintal per Hektar (ku/ha).
DS03,3_weather_agroclimate,weather_variables,absent,Statistical outcome-only dataset; no weather variables.
DS03,4_soil_water,soil_water,absent,No soil or irrigation records.
DS03,5_management,farm_management,absent,No agronomic inputs recorded.
DS03,6_biotic_field,pest_disease,absent,No disease or pest damage observations in this table.
DS03,7_spatial_remote_sensing,kabupaten_kota_codes,present_measured,BPS region codes (kode_kabupaten_kota) for 27 West Java regencies.
DS04,1_crop_context,crop_context,absent,Agroclimatic gridded dataset across Indonesia; crop agnostic.
DS04,2_agricultural_outcomes,crop_outcomes,absent,"No yield, biomass, or crop performance targets."
DS04,3_weather_agroclimate,raw_weather_and_indicators,present_derived,"6 raw weather variables + 12 derived indicators (GDD, CDD, CWD, RX1day, etc.)."
DS04,4_soil_water,soil_water,absent,Pure atmospheric/reanalysis indicators.
DS04,5_management,management,absent,No farm management data.
DS04,6_biotic_field,pest_disease,absent,No pest/disease observations.
DS04,7_spatial_remote_sensing,grid_points,present_measured,612 terrestrial 0.5 degree grid coordinates across Indonesia.
DS05,1_crop_context,crop_type,present_measured,Maize (Jagung).
DS05,2_agricultural_outcomes,maize_productivity,present_measured,"Maize productivity in Kuintal/Hektar (ku/ha), 2015-2022."
DS05,3_weather_agroclimate,weather_variables,absent,Statistical outcome-only dataset; no weather data.
DS05,4_soil_water,soil_water,absent,No soil data.
DS05,5_management,management,absent,No management inputs.
DS05,6_biotic_field,pest_disease,absent,No pest/disease incidence recorded.
DS05,7_spatial_remote_sensing,kabupaten_kota_subang,present_measured,27 kab/kota with explicit Subang Regency records.
DS06,1_crop_context,horticulture_commodities,present_measured,"Specific commodities: Cabai Besar, Cabai Rawit, Bawang Merah, Tomat, etc."
DS06,2_agricultural_outcomes,horticulture_productivity_production,present_measured,Productivity in ku/ha (SBS) and total production in Ton.
DS06,3_weather_agroclimate,weather_variables,absent,Statistical outcome-only dataset; no weather data.
DS06,4_soil_water,soil_water,absent,No soil data.
DS06,5_management,management,absent,No farm inputs recorded.
DS06,6_biotic_field,pest_disease,absent,Aggregated productivity; NOT disease-labeled data.
DS06,7_spatial_remote_sensing,provincial_and_district_units,present_measured,Provincial totals and 27 Kabupaten/Kota units.
