nama_kabupaten_kota,tipe_wilayah,true_centroid_lat,true_centroid_lon,n_sel_agera5_0_1deg
KABUPATEN BANDUNG,KABUPATEN,-7.1,107.6108,16
KABUPATEN BANDUNG BARAT,KABUPATEN,-6.8971,107.415,11
KABUPATEN BEKASI,KABUPATEN,-6.2154,107.1207,9
KABUPATEN BOGOR,KABUPATEN,-6.56,106.7675,23
KABUPATEN CIAMIS,KABUPATEN,-7.2905,108.4286,14
KABUPATEN CIANJUR,KABUPATEN,-7.1337,107.1578,30
KABUPATEN CIREBON,KABUPATEN,-6.7456,108.5516,8
KABUPATEN GARUT,KABUPATEN,-7.3596,107.7889,25
KABUPATEN INDRAMAYU,KABUPATEN,-6.4488,108.1686,17
KABUPATEN KARAWANG,KABUPATEN,-6.252,107.3542,16
KABUPATEN KUNINGAN,KABUPATEN,-7.0042,108.5603,9
KABUPATEN MAJALENGKA,KABUPATEN,-6.8159,108.2578,11
KABUPATEN PANGANDARAN,KABUPATEN,-7.6356,108.5188,9
KABUPATEN PURWAKARTA,KABUPATEN,-6.595,107.4322,8
KABUPATEN SUBANG,KABUPATEN,-6.483,107.7322,18
KABUPATEN SUKABUMI,KABUPATEN,-7.0762,106.7073,36
KABUPATEN SUMEDANG,KABUPATEN,-6.8251,107.9809,13
KABUPATEN TASIKMALAYA,KABUPATEN,-7.4967,108.1413,20
KOTA BANDUNG,KOTA,-6.9175,107.6191,2
KOTA BANJAR,KOTA,-7.3683,108.5336,1
KOTA BEKASI,KOTA,-6.2383,106.9756,2
KOTA BOGOR,KOTA,-6.595,106.8167,1
KOTA CIMAHI,KOTA,-6.8865,107.5436,0
KOTA CIREBON,KOTA,-6.732,108.5523,1
KOTA DEPOK,KOTA,-6.3961,106.8168,2
KOTA SUKABUMI,KOTA,-6.9278,106.9297,1
KOTA TASIKMALAYA,KOTA,-7.3274,108.2207,2
