nama_kabupaten_kota,tipe_wilayah,true_centroid_lat,true_centroid_lon,luas_approx_km2,n_sel_agera5_0_1deg,shape_name_geoboundaries,shape_type
KABUPATEN BANDUNG,KABUPATEN,-7.1,107.6108,1769.4,16,Bandung,ADM2
KABUPATEN BANDUNG BARAT,KABUPATEN,-6.8971,107.415,1287.2,11,Bandung Barat,ADM2
KABUPATEN BEKASI,KABUPATEN,-6.2154,107.1207,1276.4,9,Bekasi,ADM2
KABUPATEN BOGOR,KABUPATEN,-6.56,106.7675,3015.4,23,Bogor,ADM2
KABUPATEN CIAMIS,KABUPATEN,-7.2905,108.4286,1607.6,14,Ciamis,ADM2
KABUPATEN CIANJUR,KABUPATEN,-7.1337,107.1578,3623.3,30,Cianjur,ADM2
KABUPATEN CIREBON,KABUPATEN,-6.7456,108.5516,1076.6,8,Cirebon,ADM2
KABUPATEN GARUT,KABUPATEN,-7.3596,107.7889,3117.2,25,Garut,ADM2
KABUPATEN INDRAMAYU,KABUPATEN,-6.4488,108.1686,2098.1,17,Indramayu,ADM2
KABUPATEN KARAWANG,KABUPATEN,-6.252,107.3542,1927.2,16,Karawang,ADM2
KABUPATEN KUNINGAN,KABUPATEN,-7.0042,108.5603,1195.4,9,Kuningan,ADM2
KABUPATEN MAJALENGKA,KABUPATEN,-6.8159,108.2578,1351.3,11,Majalengka,ADM2
KABUPATEN PANGANDARAN,KABUPATEN,-7.6356,108.5188,1144.2,9,Pangandaran,ADM2
KABUPATEN PURWAKARTA,KABUPATEN,-6.595,107.4322,996.2,8,Purwakarta,ADM2
KABUPATEN SUBANG,KABUPATEN,-6.483,107.7322,2186.7,18,Subang,ADM2
KABUPATEN SUKABUMI,KABUPATEN,-7.0762,106.7073,4199.3,36,Sukabumi,ADM2
KABUPATEN SUMEDANG,KABUPATEN,-6.8251,107.9809,1569.9,13,Sumedang,ADM2
KABUPATEN TASIKMALAYA,KABUPATEN,-7.4967,108.1413,2720.5,20,Tasikmalaya,ADM2
KOTA BANDUNG,KOTA,-6.9175,107.6191,167.3,2,Bandung,ADM2
KOTA BANJAR,KOTA,-7.3683,108.5336,131.97,1,Banjar,ADM2
KOTA BEKASI,KOTA,-6.2383,106.9756,210.5,2,Bekasi,ADM2
KOTA BOGOR,KOTA,-6.595,106.8167,118.5,1,Bogor,ADM2
KOTA CIMAHI,KOTA,-6.8865,107.5436,41.5,0,Kota Cimahi,ADM2
KOTA CIREBON,KOTA,-6.732,108.5523,37.5,1,Cirebon,ADM2
KOTA DEPOK,KOTA,-6.3961,106.8168,201.1,2,Kota Depok,ADM2
KOTA SUKABUMI,KOTA,-6.9278,106.9297,48.3,1,Sukabumi,ADM2
KOTA TASIKMALAYA,KOTA,-7.3274,108.2207,171.6,2,Tasikmalaya,ADM2
