komoditas,nama_kabupaten_kota,periode,n_tahun,mean_yield,slope_ku_ha_thn,r2_linear,cv_raw_pct,cv_resid_pct
Jagung,KABUPATEN BANDUNG,2015-2022,8,33.8925,1.086666666667608,0.005610142207612356,104.85313762053671,104.55860343838135
Jagung,KABUPATEN BANDUNG BARAT,2015-2022,8,63.9825,1.300476190475763,0.07173687090945702,18.58855413765349,17.90940513338053
Jagung,KABUPATEN BEKASI,2015-2022,8,55.50375,-2.7589285714291525,0.0851566803315672,41.723851795982974,39.90779702424815
Jagung,KABUPATEN BOGOR,2015-2022,8,60.84625,3.13892857142878,0.3085268541186945,22.749756645526155,18.917529269987654
Jagung,KABUPATEN CIAMIS,2015-2022,8,69.05250000000001,-0.3721428571432233,0.012904141732187013,11.620942278409562,11.545719676562822
Jagung,KABUPATEN CIANJUR,2015-2022,8,71.0975,-1.861190476190839,0.41282642693860494,9.979950138440376,7.647361530037476
Jagung,KABUPATEN CIREBON,2015-2022,8,75.53125,-1.2548809523812239,0.29464728745214475,7.497220028719423,6.2965611747761745
Jagung,KABUPATEN GARUT,2015-2022,8,81.97625,-1.2010714285717183,0.2929611245944146,6.630578429626306,5.575361903112675
Jagung,KABUPATEN INDRAMAYU,2015-2022,8,68.64625,-2.0253571428577075,0.325469972943186,12.667909718893755,10.404126003073149
Jagung,KABUPATEN KARAWANG,2015-2022,8,70.64499999999998,0.3647619047613231,0.007968876568704153,14.167888182925099,14.111324193580405
Jagung,KABUPATEN KUNINGAN,2015-2022,8,69.39875,-1.5398809523809893,0.34776139838909625,9.21659358667844,7.44343990526896
Jagung,KABUPATEN MAJALENGKA,2015-2022,8,78.5025,-0.28571428571446633,0.016777448508702886,6.88273638462137,6.824754782439999
Jagung,KABUPATEN PANGANDARAN,2015-2022,8,60.388749999999995,2.7141666666663706,0.28846028349382724,20.498075317994,17.290703268007988
Jagung,KABUPATEN PURWAKARTA,2015-2022,8,66.69875,1.9725000000000432,0.6120788474231385,9.259152916542744,5.76690752479924
Jagung,KABUPATEN SUBANG,2015-2022,8,58.82875,4.932500000000835,0.7387496317313876,23.894858324119934,12.213296922283694
Jagung,KABUPATEN SUKABUMI,2015-2022,8,65.975,0.49523809523810575,0.14890288065673207,4.764954094900857,4.395904828259559
Jagung,KABUPATEN SUMEDANG,2015-2022,8,78.875,1.5764285714287853,0.29859215350770985,8.959243801819182,7.503375223340292
Jagung,KABUPATEN TASIKMALAYA,2015-2022,8,65.96875,0.12107142857137512,0.009393259716386937,4.638428557626135,4.616592175878593
Jagung,KOTA BANDUNG,2015-2022,8,9.4625,6.308333333334688,0.33333333333335147,282.84271247461896,230.94010767584714
Jagung,KOTA BANJAR,2015-2022,8,38.92125,-3.6948809523815043,0.8840938408347951,24.730910921786528,8.419637049362672
Jagung,KOTA BEKASI,2015-2022,8,34.235,6.735238095239864,0.2759149363113098,91.74251474674067,78.0666305110091
Jagung,KOTA BOGOR,2015-2022,8,31.354999999999997,-0.8876190476179688,0.004034453077594535,109.16994687413226,108.94950379353202
Jagung,KOTA CIMAHI,2015-2022,8,31.86625,9.53630952381087,0.45116276905022845,109.13357401576637,80.85002534902974
Jagung,KOTA CIREBON,2015-2022,8,17.56625,1.9732142857149262,0.02883298535405987,162.04140915016728,159.68825417884486
Jagung,KOTA DEPOK,2015-2022,8,30.728749999999998,9.29226190476323,0.44801613435383236,110.6637405655313,82.2183084838916
Jagung,KOTA SUKABUMI,2015-2022,8,45.17375,2.4955952380968736,0.026384054328212225,83.30918063684787,82.20281729458124
Jagung,KOTA TASIKMALAYA,2015-2022,8,36.305,5.935952380954362,0.2012470129091457,89.2760303096235,79.78865029583599
